"Date,Team,Name,Pos,Age,Service Time,Transaction Details,2025 WAR,Proj. WAR"
"17-Feb,ATL,Dominic Smith,1B/OF,31,6.151,Agreed to Minor League contract (2026),0.4,0.1"
"16-Feb,SDP,Walker Buehler,SP,31,7.168,Agreed to Minor League contract (2026),-0.3,0"
"16-Feb,WSN,Drew Smith,RP,32,7.034,Agreed to Minor League contract (2026),,0"
"16-Feb,LAA,Adam Frazier,INF/OF,34,9.075,Agreed to Minor League contract (2026),0.7,-0.1"
"16-Feb,NYM,Mike Tauchman,OF,35,5.143,Agreed to Minor League contract (2026),1.4,0.1"
"16-Feb,SDP,Ty France,1B,31,6.089,Agreed to Minor League contract (2026),0.9,0.1"
"16-Feb,LAD,Santiago Espinal,INF/OF,31,5.149,Agreed to Minor League contract (2026),-0.3,0"
"15-Feb,TEX,Mark Canha,OF/1B,37,10.068,Agreed to Minor League contract (2026),-0.7,0"
"15-Feb,HOU,Cavan Biggio,INF/OF,31,5.17,Agreed to Minor League contract (2026),-0.2,0"
"15-Feb,SFG,Will Brennan,OF,28,2.155,Agreed to one-year contract (2026),-0.1,0.1"
"14-Feb,TOR,Jesse Hahn,RP,36,6.081,Agreed to Minor League contract (2026),-0.2,"
"14-Feb,SDP,Nick Castellanos,OF/1B,34,12.029,Agreed to one-year contract (2026),-0.6,0.1"
"14-Feb,MIN,Andrew Chafin,RP,36,10.17,Agreed to Minor League contract (2026),0.4,0.1"
"14-Feb,ARI,Joe Ross,SP/RP,33,7.171,Agreed to Minor League contract (2026),-0.1,0"
"14-Feb,SDP,Germán Márquez,SP,31,9.027,Agreed to one-year contract (2026),0.3,0.7"
"14-Feb,ARI,Óscar Mercado,OF,31,3.031,Agreed to Minor League contract (2026),,"
"14-Feb,SDP,Griffin Canning,SP,30,6.075,Agreed to one-year contract (2026),0.9,0.6"
"14-Feb,WSN,Cionel Pérez,RP,30,4.151,Agreed to Minor League contract (2026),-0.2,0"
"13-Feb,CHC,Shelby Miller,RP,35,10.016,Agreed to two-year contract (2026-27),0.6,"
"13-Feb,SFG,Rowan Wick,RP,33,3.114,Agreed to one-year contract (2026),,"
"13-Feb,NYY,Rafael Montero,RP,35,9.095,Agreed to Minor League contract (2026),0.1,0"
"13-Feb,CHW,Austin Voth,SP/RP,34,5.115,Agreed to Minor League contract (2026),,0"
"13-Feb,MIL,Luis Rengifo,INF,29,6.043,Agreed to one-year contract (2026),0,0.9"
"13-Feb,CIN,Nathaniel Lowe,1B,30,5.145,Agreed to Minor League contract (2026),-0.4,0.2"
"12-Feb,ARI,Paul Sewald,RP,36,7.072,Agreed to one-year contract (2026),0,0"
"12-Feb,LAD,Keston Hiura,INF,29,3.051,Agreed to Minor League contract (2026),0,"
"11-Feb,MIN,Liam Hendriks,RP,37,11.164,Agreed to Minor League contract (2026),0,0"
"11-Feb,WSN,Miles Mikolas,SP,37,9.037,Agreed to one-year contract (2026),0.3,1"
"11-Feb,MIL,Gary Sánchez,C,33,9.05,Agreed to one-year contract (2026),-0.2,0.5"
"11-Feb,BAL,Chris Bassitt,SP,37,9.13,Agreed to one-year contract (2026),2.4,1.9"
"11-Feb,TEX,Jordan Montgomery,SP,33,8.145,Agreed to one-year contract (2026),,0.4"
"11-Feb,MIN,Julian Merryweather,RP,34,5.011,Agreed to one-year contract (2026),-0.1,"
"11-Feb,MIA,John King,RP,31,4.148,Agreed to one-year contract (2026),-0.4,0"
"10-Feb,DET,Justin Verlander,SP,43,20.002,Agreed to one-year contract (2026),2.2,1.7"
"10-Feb,COL,Jose Quintana,SP,37,13.133,Agreed to one-year contract (2026),0.8,1.2"
"10-Feb,DET,Austin Slater,OF,33,7.147,Agreed to Minor League contract (2026),0,0"
"10-Feb,COL,Tomoyuki Sugano,SP,36,1,Agreed to one-year contract (2026),0.1,0.8"
"10-Feb,ATL,Jonah Heim,C,31,5.097,Agreed to one-year contract (2026),-0.5,0.1"
"10-Feb,ATH,Aaron Civale,SP,31,6.058,Agreed to one-year contract (2026),0.9,1.4"
"10-Feb,SEA,Connor Joe,1B/OF,33,4.068,Agreed to Minor League contract (2026),-0.8,"
"10-Feb,CHC,Kyle Wright,SP,30,4.151,Agreed to Minor League contract (2026),,0"
"9-Feb,PIT,Marcell Ozuna,DH,35,12.124,Agreed to one-year contract (2026),1.2,1.4"
"9-Feb,MIN,Gio Urshela,INF,34,8.099,Agreed to Minor League contract (2026),-0.4,0.1"
"9-Feb,LAD,Jordan Weems,RP,33,3.047,Agreed to Minor League contract (2026),0,"
"9-Feb,CHW,Erick Fedde,SP,33,6.099,Agreed to one-year contract (2026),-0.2,0.6"
"9-Feb,TBR,Nick Martinez,SP,35,7.002,Agreed to one-year contract (2026),2.1,1.5"
"9-Feb,MIL,Peter Strzelecki,RP,31,1.029,Agreed to Minor League contract (2026),,"
"9-Feb,DET,Konnor Pilkington,RP,28,0.152,Agreed to Minor League contract (2026),-0.5,0"
"9-Feb,MIA,Chris Paddack,SP,30,7,Agreed to one-year contract (2026),0.7,0.9"
"9-Feb,LAD,Seby Zavala,C,32,2.146,Agreed to Minor League contract (2026),,0"
"9-Feb,MIN,David Bañuelos,C,29,0.017,Agreed to Minor League contract (2026),0,"
"8-Feb,NYM,MJ Melendez,OF,27,3.015,Agreed to one-year contract (2026),-0.6,0"
"6-Feb,TEX,Ryan Brasier,RP,38,8.094,Agreed to Minor League contract (2026),0.3,0"
"6-Feb,ATL,Kyle Farmer,INF,35,7.129,Agreed to Minor League contract (2026),-1.1,0"
"6-Feb,ATH,Scott Barlow,RP,33,7.026,Agreed to one-year contract (2026),0.1,0.2"
"6-Feb,LAA,Brent Suter,RP,36,8.161,Agreed to one-year contract (2026),0.1,0"
"5-Feb,BOS,Vinny Nittoli,RP,35,0.096,Agreed to Minor League contract (2026),,0"
"5-Feb,BOS,Brendan Rodgers,INF,29,6.075,Agreed to Minor League contract (2026),-0.3,0"
"5-Feb,PIT,José Urquidy,SP,31,6.049,Agreed to one-year contract (2026),0,0.3"
"4-Feb,SDP,Marco Gonzales,SP,34,7.102,Agreed to Minor League contract (2026),,0"
"4-Feb,PIT,Mike Clevinger,SP/RP,35,8.031,Agreed to Minor League contract (2026),-0.1,0"
"4-Feb,SFG,Michael Fulmer,RP,33,8,Agreed to Minor League contract (2026),0,"
"4-Feb,SDP,Miguel Andujar,INF/OF,31,6.053,Agreed to one-year contract (2026),1.1,0.6"
"4-Feb,BOS,Isiah Kiner-Falefa,INF,31,8,Agreed to one-year contract (2026),0.7,0.1"
"4-Feb,DET,Framber Valdez,SP,32,6.163,Agreed to three-year contract (2026-28),4,3.6"
"4-Feb,CHW,Austin Hays,OF,30,6.057,Agreed to one-year contract (2026),1.2,0.9"
"4-Feb,TOR,Josh Fleming,RP,30,3.069,Agreed to Minor League contract (2026),,0"
"4-Feb,SDP,Justin Yeager,RP,28,,Agreed to Minor League contract (2026),,"
"3-Feb,ARI,Carlos Santana,1B,40,15.115,Agreed to one-year contract (2026),0.3,0.3"
"3-Feb,CHC,Vince Velasquez,SP/RP,34,8.086,Agreed to Minor League contract (2026),,"
"3-Feb,LAA,Jeimer Candelario,1B/3B,32,7.133,Agreed to Minor League contract (2026),-0.7,0"
"3-Feb,LAD,Cole Irvin,SP,32,4.078,Agreed to Minor League contract (2026),,"
"3-Feb,BOS,Matt Thaiss,C,31,3.169,Agreed to Minor League contract (2026),0.7,0"
"3-Feb,BOS,Kyle Keller,RP,33,0.164,Agreed to Minor League contract (2026),,-0.1"
"3-Feb,NYM,Grae Kessinger,INF,28,1.054,Agreed to Minor League contract (2026),,0"
"2-Feb,COL,Kyle McCann,C,28,1,Agreed to Minor League contract (2026),,"
"2-Feb,COL,Valente Bellozo,SP/RP,26,1.05,Agreed to Minor League contract (2026),-0.2,0"
"1-Feb,CIN,Eugenio Suárez,3B,34,11.061,Agreed to one-year contract (2026),3.8,1.6"
"1-Feb,LAA,Jose Siri,OF,30,4.015,Agreed to Minor League contract (2026),-0.4,0.1"
"31-Jan,SFG,Luis Arraez,INF,29,6.121,Agreed to one-year contract (2026),0.9,2.1"
"30-Jan,ATL,Martín Pérez,SP,35,13.038,Agreed to Minor League contract (2026),0.8,0.3"
"30-Jan,CHW,Lucas Sims,RP,32,6.058,Agreed to Minor League contract (2026),-0.5,0"
"30-Jan,SEA,Brian O'Keefe,C,32,0.053,Agreed to Minor League contract (2026),,"
"30-Jan,PHI,Dylan Moore,INF/OF,33,7,Agreed to Minor League contract (2026),-0.1,0.1"
"30-Jan,TEX,Nick Pratto,1B/OF,27,1.07,Agreed to Minor League contract (2026),,"
"29-Jan,NYM,Craig Kimbrel,RP,38,14.031,Agreed to Minor League contract (2026),0,0"
"29-Jan,ARI,Derek Law,RP,35,6.081,Agreed to Minor League contract (2026),,0"
"29-Jan,TEX,Austin Gomber,SP,32,6.088,Agreed to Minor League contract (2026),-0.4,0.1"
"29-Jan,NYM,Austin Barnes,C,36,8.162,Agreed to Minor League contract (2026),-0.3,0"
"29-Jan,MIL,Jacob Waguespack,RP,32,2.096,Agreed to Minor League contract (2026),,"
"29-Jan,CHW,LaMonte Wade Jr.,1B/OF,32,5.163,Agreed to Minor League contract (2026),-1.6,"
"29-Jan,KCR,Eli Morgan,RP,30,4.091,Agreed to Minor League contract (2026),-0.3,0"
"29-Jan,HOU,Tom Cosgrove,RP,30,1.092,Agreed to Minor League contract (2026),0.1,0"
"29-Jan,MIA,Stephen Jones,RP,28,,Agreed to Minor League contract (2026),,"
"28-Jan,MIL,Reese McGuire,C,31,5.11,Agreed to Minor League contract (2026),0.7,0"
"28-Jan,WSN,Sergio Alcántara,INF,29,2.016,Agreed to Minor League contract (2026),-0.1,0"
"28-Jan,LAD,Ryder Ryan,RP,31,0.061,Agreed to Minor League contract (2026),,0"
"28-Jan,CIN,Darren McCaughan,SP/RP,30,0.078,Agreed to Minor League contract (2026),0.1,"
"27-Jan,TBR,Cam Booser,RP,34,1.105,Agreed to Minor League contract (2026),-0.6,0"
"27-Jan,KCR,Aaron Sanchez,SP/RP,33,6.113,Agreed to Minor League contract (2026),,"
"26-Jan,KCR,Héctor Neris,RP,37,10.004,Agreed to Minor League contract (2026),-0.1,0"
"26-Jan,MIN,Matt Bowman,RP,35,5.035,Agreed to Minor League contract (2026),0,0"
"26-Jan,TOR,Connor Seabold,SP/RP,30,1.054,Agreed to Minor League contract (2026),0,"
"26-Jan,SFG,Harrison Bader,OF,32,8.03,Agreed to two-year contract (2026-27),3.2,2"
"26-Jan,CHC,Dylan Carlson,OF,27,5.067,Agreed to Minor League contract (2026),-0.4,0"
"26-Jan,SEA,Will Wilson,INF,27,0.074,Agreed to Minor League contract (2026),-0.5,"
"26-Jan,STL,Nelson Velázquez,OF,27,1.101,Agreed to Minor League contract (2026),,"
"26-Jan,CHC,Chas McCormick,OF,31,4.161,Agreed to Minor League contract (2026),-0.2,0.2"
"24-Jan,LAA,Trey Mancini,1B/OF,34,6.141,Agreed to Minor League contract (2026),,0"
"24-Jan,SEA,Jakson Reetz,C,30,0.043,Agreed to Minor League contract (2026),,"
"24-Jan,SDP,Samad Taylor,INF/OF,27,0.078,Agreed to Minor League contract (2026),-0.1,0"
"24-Jan,LAA,Nick Sandlin,RP,29,4.157,Agreed to Minor League contract (2026),0,0"
"23-Jan,CHW,Seranthony Domínguez,RP,31,7.131,Agreed to two-year contract (2026-27),0.9,0.8"
"23-Jan,CIN,Yunior Marte,RP,31,1.165,Agreed to Minor League contract (2026),,0"
"23-Jan,WSN,Bryce Montes de Oca,RP,30,1.033,Agreed to Minor League contract (2026),,"
"23-Jan,CHC,Trent Thornton,RP,32,5.148,Agreed to Minor League contract (2026),-0.3,0"
"23-Jan,CIN,Anthony Misiewicz,RP,31,3.082,Agreed to Minor League contract (2026),-0.2,"
"22-Jan,MIN,Taylor Rogers,RP,35,9.145,Agreed to one-year contract (2026),0.2,0.4"
"22-Jan,SEA,Dane Dunning,SP/RP,31,4.138,Agreed to Minor League contract (2026),-0.1,0.1"
"22-Jan,WSN,Tres Barrera,C,31,1.032,Agreed to Minor League contract (2026),,"
"21-Jan,NYM,Luis García,RP,39,10.007,Agreed to one-year contract (2026),0.7,0.2"
"20-Jan,SEA,Patrick Wisdom,INF/OF,34,4.058,Agreed to Minor League contract (2026),,0"
"20-Jan,TOR,C.J. Stubbs,C,29,0.005,Agreed to Minor League contract (2026),-0.1,"
"20-Jan,BAL,Hans Crouse,RP,27,1.002,Agreed to Minor League contract (2026),,"
"20-Jan,WSN,Zach Penrod,RP,29,0.016,Agreed to Minor League contract (2026),,"
"19-Jan,ATL,Jorge Mateo,INF/OF,31,6,Agreed to one-year contract (2026),-0.6,0.2"
"18-Jan,ATH,Chad Wallach,C,34,4.024,Agreed to Minor League contract (2026),0,"
"18-Jan,TEX,Jakob Junis,RP,33,8.002,Agreed to one-year contract (2026),0.6,0.4"
"18-Jan,CHW,Ryan Borucki,RP,32,6.168,Agreed to Minor League contract (2026),0,0"
"18-Jan,NYY,Seth Brown,OF/1B,33,5.005,Agreed to Minor League contract (2026),-0.4,"
"17-Jan,WSN,Trevor Gott,RP,33,6.057,Agreed to Minor League contract (2026),,"
"17-Jan,NYY,Dylan Coleman,RP,29,1.078,Agreed to Minor League contract (2026),,0"
"16-Jan,MIN,Victor Caratini,C/1B,32,8.051,Agreed to two-year contract (2026-27),0.8,1.2"
"16-Jan,SFG,Eric Haase,C,33,4.114,Agreed to Minor League contract (2026),0.3,0"
"16-Jan,NYM,Bo Bichette,INF,28,6.063,Agreed to three-year contract (2026-28),3.8,4.4"
"16-Jan,DET,Corey Julks,OF,30,1.123,Agreed to Minor League contract (2026),0,"
"15-Jan,COL,Willi Castro,INF/OF,29,6.017,Agreed to two-year contract (2026-27),0.6,1.2"
"15-Jan,LAD,Kyle Tucker,OF,29,6.079,Agreed to four-year contract (2026-29),4.5,4.9"
"15-Jan,ARI,Taylor Clarke,RP,33,5.148,Agreed to one-year contract (2026),0.3,0"
"15-Jan,CHW,Tyson Miller,RP,30,1.085,Agreed to Minor League contract (2026),,"
"15-Jan,BAL,Sam Huff,C,28,2.057,Agreed to Minor League contract (2026),-0.2,"
"14-Jan,BOS,Ranger Suárez,SP,30,6.112,Agreed to five-year contract (2026-30),4,3.4"
"14-Jan,TOR,Rafael Lantigua,INF/OF,28,0.013,Agreed to Minor League contract (2026),,"
"13-Jan,DET,Phil Bickford,RP,30,2.162,Agreed to Minor League contract (2026),,"
"13-Jan,CLE,Carter Kieboom,INF,28,3.009,Agreed to Minor League contract (2026),-0.2,"
"13-Jan,HOU,Kellen Strahm,OF,29,,Agreed to Minor League contract (2026),,"
"12-Jan,HOU,Riley Unroe,INF/OF,30,,Agreed to Minor League contract (2026),,"
"12-Jan,ARI,Jonathan Loáisiga,RP,31,7.022,Agreed to Minor League contract (2026),-0.5,0"
"12-Jan,SFG,Nick Margevicius,SP/RP,30,2.1,Agreed to Minor League contract (2026),,"
"11-Jan,CIN,Pierce Johnson,RP,35,6.137,Agreed to one-year contract (2026),0.3,0.2"
"10-Jan,CHC,Alex Bregman,3B,32,9.07,Agreed to five-year contract (2026-30),3.5,3.7"
"10-Jan,CHC,Corbin Martin,RP,30,2.146,Agreed to Minor League contract (2026),-0.2,0"
"10-Jan,MIL,Greg Jones,OF/INF,28,0.037,Agreed to Minor League contract (2026),0,"
"9-Jan,STL,Ryne Stanek,RP,34,8.038,Agreed to one-year contract (2026),0.1,0.2"
"9-Jan,BOS,Tayron Guerrero,RP,35,2.004,Agreed to Minor League contract (2026),,"
"9-Jan,TEX,Nabil Crismatt,SP/RP,31,3.029,Agreed to Minor League contract (2026),0.1,"
"9-Jan,LAA,Nick Madrigal,INF,29,5.087,Agreed to Minor League contract (2026),,0.1"
"8-Jan,SEA,Michael Rucker,RP,32,2.132,Agreed to Minor League contract (2026),,"
"8-Jan,PIT,Ryan O'Hearn,1B/OF,32,7.002,Agreed to two-year contract (2026-27),3,1.5"
"8-Jan,BOS,Seth Martinez,RP,31,2.097,Agreed to Minor League contract (2026),-0.1,0"
"7-Jan,COL,Michael Lorenzen,SP,34,10.159,Agreed to one-year contract (2026),1.2,1.1"
"7-Jan,PIT,Chris Devenski,RP,35,7.157,Agreed to Minor League contract (2026),0.1,0"
"7-Jan,ARI,Thomas Hatch,SP/RP,31,2.098,Agreed to Minor League contract (2026),-0.3,"
"7-Jan,TBR,Edward Olivares,OF,30,3.158,Agreed to Minor League contract (2026),,"
"7-Jan,ARI,Luken Baker,1B,29,0.164,Agreed to Minor League contract (2026),0,"
"7-Jan,TBR,Blake Sabol,C/1B,28,1.048,Agreed to Minor League contract (2026),-0.2,"
"7-Jan,CIN,Hagen Danner,RP,27,0.052,Agreed to Minor League contract (2026),,"
"7-Jan,KCR,Josh Rojas,INF,32,5.104,Agreed to Minor League contract (2026),-1.3,0"
"7-Jan,CIN,Michael Toglia,1B/OF,27,2.039,Agreed to Minor League contract (2026),-2.2,"
"7-Jan,TBR,Chase Solesky,SP/RP,28,,Agreed to Minor League contract (2026),,"
"7-Jan,MIN,Andrew Bash,SP/RP,29,,Agreed to Minor League contract (2026),,"
"6-Jan,NYM,Christian Arroyo,INF,31,4.166,Agreed to Minor League contract (2026),,"
"6-Jan,PHI,René Pinto,C,29,1.015,Agreed to Minor League contract (2026),,"
"6-Jan,BOS,T.J. Sikkema,SP,27,,Agreed to Minor League contract (2026),,"
"6-Jan,BAL,Eric Torres,RP,26,,Agreed to Minor League contract (2026),,"
"5-Jan,CLE,Pedro Avila,SP/RP,29,1.099,Agreed to Minor League contract (2026),,0.1"
"5-Jan,PIT,Noah Davis,RP,29,0.157,Agreed to Minor League contract (2026),-0.7,"
"5-Jan,STL,Bruce Zimmermann,SP/RP,31,1.137,Agreed to Minor League contract (2026),-0.2,"
"4-Jan,NYY,Paul DeJong,INF,32,8.057,Agreed to Minor League contract (2026),0.2,0.1"
"3-Jan,MIN,Orlando Arcia,INF,31,8.114,Agreed to Minor League contract (2026),-0.9,0.1"
"3-Jan,SDP,Jose Miranda,3B/1B,28,2.135,Agreed to Minor League contract (2026),-0.4,0"
"3-Jan,TOR,Kazuma Okamoto,3B/1B,30,,Agreed to four-year contract (2026-29),,2.7"
"2-Jan,ATL,Javy Guerra,RP,30,3.003,Agreed to Minor League contract (2026),,"
"2-Jan,PHI,Tucker Davidson,SP/RP,30,2.041,Agreed to Minor League contract (2026),,0"
"2-Jan,CHW,Jarred Kelenic,OF,26,3.035,Agreed to Minor League contract (2026),-0.5,0"
"1-Jan,SFG,Tyler Mahle,SP,31,8.018,Agreed to one-year contract (2026),1.9,1.3"
"1-Jan,NYM,Mike Baumann,RP,30,2.072,Agreed to Minor League contract (2026),,"
"1-Jan,HOU,Tatsuya Imai,SP,28,,Agreed to three-year contract (2026-28),,1.8"
"31-Dec,CHC,Christian Bethancourt,C,34,5.023,Agreed to Minor League contract (2026),,"
"31-Dec,TOR,Nic Enright,RP,29,0.168,Agreed to Minor League contract (2026-27),0.2,"
"31-Dec,TOR,Josh Winckowski,SP/RP,28,3.003,Agreed to Minor League contract (2026-27),0.2,"
"31-Dec,WSN,Matt Mervis,1B,28,0.121,Agreed to Minor League contract (2026),-0.4,0"
"30-Dec,LAA,Kirby Yates,RP,39,11.021,Agreed to one-year contract (2026),-0.1,0.4"
"29-Dec,KCR,Jorge Alfaro,C,33,5.16,Agreed to Minor League contract (2026),-0.3,"
"29-Dec,ATL,José Azocar,OF,30,2.087,Agreed to Minor League contract (2026),-0.1,"
"29-Dec,CIN,Garrett Hampson,INF/OF,31,7.003,Agreed to Minor League contract (2026),-0.2,0"
"29-Dec,KCR,Elih Marrero,C,29,,Agreed to Minor League contract (2026),,"
"29-Dec,MIA,Jesús Bastidas,INF,27,,Agreed to Minor League contract (2026),,"
"29-Dec,MIA,Daniel Johnson,OF,30,1.025,Agreed to Minor League contract (2026),-0.1,"
"27-Dec,ATL,Tayler Scott,RP,34,2.098,Agreed to Minor League contract (2026),-0.6,"
"27-Dec,CHC,Hunter Harvey,RP,31,6.047,Agreed to one-year contract (2026),0.5,1"
"27-Dec,CIN,JJ Bleday,OF,28,3.029,Agreed to one-year contract (2026),-0.1,0.6"
"27-Dec,HOU,Sam Carlson,RP,27,,Agreed to Minor League contract (2026),,"
"26-Dec,PHI,Mark Kolozsvary,C,30,0.047,Agreed to Minor League contract (2026),,"
"25-Dec,CHC,Jeff Brigham,RP,34,3.153,Agreed to Minor League contract (2026),0,"
"24-Dec,CIN,Michael Chavis,INF,30,4.089,Agreed to Minor League contract (2026),,"
"24-Dec,MIA,Pete Fairbanks,RP,32,6.057,Agreed to one-year contract (2026),1,1.3"
"24-Dec,NYY,Kenedy Corona,OF,26,0.012,Agreed to Minor League contract (2026),0,"
"23-Dec,DET,Burch Smith,RP,36,5.086,Agreed to Minor League contract (2026),,"
"23-Dec,PHI,Génesis Cabrera,RP,29,5.149,Agreed to Minor League contract (2026),-0.9,0"
"23-Dec,CHW,Sean Newcomb,SP/RP,33,6.041,Agreed to one-year contract (2026),1.7,0.5"
"23-Dec,CHC,Jacob Webb,RP,32,5.046,Agreed to one-year contract (2026),0.2,0"
"22-Dec,SEA,Rob Refsnyder,OF,35,7.048,Agreed to one-year contract (2026),1,0.5"
"22-Dec,PHI,Zach Pop,RP,29,3.032,Agreed to one-year contract (2026),-0.4,0"
"22-Dec,ATL,Tristin English,INF/OF,29,0.022,Agreed to Minor League contract (2026),-0.3,"
"22-Dec,MIN,Raul Brito,RP,29,,Agreed to Minor League contract (2026),,"
"22-Dec,KCR,Helcris Olivárez,RP,25,0.131,Agreed to Minor League contract (2026),,"
"22-Dec,CLE,Codi Heuer,RP,29,4.01,Agreed to Minor League contract (2026),-0.2,"
"22-Dec,STL,Jared Shuster,RP,27,1.148,Agreed to Minor League contract (2026),0.2,"
"21-Dec,COL,Vimael Machín,INF/OF,32,1.149,Agreed to Minor League contract (2026),0,0"
"21-Dec,CHW,Munetaka Murakami,1B/3B,26,,Agreed to two-year contract (2026-27),,2.2"
"20-Dec,CLE,Stuart Fairchild,OF,30,3.114,Agreed to Minor League contract (2026),0,0"
"20-Dec,TOR,Jorge Alcala,RP,30,5.165,Agreed to Minor League contract (2026),-0.5,0"
"20-Dec,PIT,Dominic Fletcher,OF,28,1.064,Agreed to Minor League contract (2026),0.3,0"
"20-Dec,HOU,Christian Roa,RP,27,0.065,Agreed to Minor League contract (2026),0,"
"19-Dec,ATH,Brian Serven,C,31,1.089,Agreed to Minor League contract (2026),,"
"19-Dec,SFG,Gregory Santos,RP,26,3.055,Agreed to Minor League contract (2026),-0.2,0"
"19-Dec,NYY,Adam Kloffenstein,SP/RP,25,0.001,Agreed to Minor League contract (2026),,"
"19-Dec,WSN,Warming Bernabel,1B/3B,24,0.065,Agreed to Minor League contract (2026),-0.4,"
"19-Dec,PHI,Christian Cairo,INF,25,0,Agreed to Minor League contract (2026),,"
"19-Dec,ATH,Cade Marlowe,OF,29,0.09,Agreed to Minor League contract (2026),,"
"19-Dec,SDP,Sung-Mun Song,INF,29,,Agreed to three-year contract (2026-28),,0.8"
"18-Dec,CLE,Shawn Armstrong,RP,35,7.113,Agreed to one-year contract (2026),1.4,0.4"
"18-Dec,CHC,Tyler Austin,1B,34,2.151,Agreed to one-year contract (2026),,0.6"
"18-Dec,TEX,Patrick Murphy,RP,31,1.002,Agreed to Minor League contract (2026),,"
"18-Dec,LAD,Chuckie Robinson,C,31,0.152,Agreed to Minor League contract (2026),0,"
"18-Dec,KCR,Abraham Toro,INF,29,4.106,Agreed to Minor League contract (2026),-0.7,"
"18-Dec,SDP,Triston McKenzie,SP/RP,28,4.029,Agreed to Minor League contract (2026),-0.1,"
"18-Dec,SDP,Nick Solak,OF/INF,31,2.15,Agreed to Minor League contract (2026),-0.4,"
"18-Dec,ATL,DaShawn Keirsey Jr.,OF,29,0.169,Agreed to Minor League contract (2026),-0.9,"
"18-Dec,SEA,Brennen Davis,OF,26,0.017,Agreed to Minor League contract (2026),,"
"18-Dec,ATH,Bryan Lavastida,C,27,0.018,Agreed to Minor League contract (2026),,"
"18-Dec,BOS,Devin Sweet,RP,29,0.047,Agreed to Minor League contract (2026),,"
"18-Dec,BOS,Alec Gamboa,SP/RP,29,,Agreed to Minor League contract (2026),,"
"18-Dec,CHW,Dustin Harris,OF,26,0.061,Agreed to Minor League contract (2026),-0.1,"
"17-Dec,NYY,Alexander Cornielle,SP/RP,24,,Agreed to Minor League contract (2026),,"
"17-Dec,NYM,Luke Weaver,RP,32,8.112,Agreed to two-year contract (2026-27),0.5,0.4"
"17-Dec,PHI,Brad Keller,RP,30,7.062,Agreed to two-year contract (2026-27),1.3,0.2"
"17-Dec,MIL,Gerson Garabito,SP/RP,30,0.085,Agreed to Minor League contract (2026),0,"
"17-Dec,NYY,Ali Sánchez,C,29,1.057,Agreed to Minor League contract (2026),0,"
"17-Dec,DET,Scott Effross,RP,32,3.063,Agreed to Minor League contract (2026),0,0"
"17-Dec,COL,Brett Sullivan,C,32,0.122,Agreed to Minor League contract (2026),0.1,0"
"17-Dec,MIL,Drew Rom,SP/RP,26,1.044,Agreed to Minor League contract (2026),,"
"17-Dec,NYY,Miguel Palma,C,24,,Agreed to Minor League contract (2026),,"
"16-Dec,TEX,Chris Martin,RP,40,8.133,Agreed to one-year contract (2026),0.6,0.8"
"16-Dec,LAA,Drew Pomeranz,RP,37,12.008,Agreed to one-year contract (2026),0.7,0.7"
"16-Dec,SFG,Adrian Houser,SP,33,6.095,Agreed to two-year contract (2026-27),2.3,1.2"
"16-Dec,LAA,Jordan Romano,RP,33,6.051,Agreed to one-year contract (2026),-0.4,0.2"
"16-Dec,PHI,Jonathan Hernández,RP,29,4.096,Agreed to Minor League contract (2026),,"
"16-Dec,MIN,Dan Altavilla,RP,33,5.087,Agreed to Minor League contract (2026),-0.2,0"
"16-Dec,WSN,Foster Griffin,SP,30,1.034,Agreed to one-year contract (2026),,1.7"
"16-Dec,CIN,Caleb Ferguson,RP,29,7.093,Agreed to one-year contract (2026),0.8,0.2"
"16-Dec,MIA,Jack Ralston,RP,28,,Agreed to Minor League contract (2026),,"
"16-Dec,SEA,Andrew Knizner,C,31,5.09,Agreed to one-year contract (2026),0.2,0.3"
"16-Dec,ATL,Aaron Schunk,INF,28,0.141,Agreed to Minor League contract (2026),-0.3,"
"16-Dec,ATH,Joel Kuhnel,RP,31,1.127,Agreed to Minor League contract (2026),,"
"16-Dec,TBR,Logan Davidson,INF/OF,28,0.042,Agreed to Minor League contract (2026),-0.6,"
"16-Dec,SFG,Jason Foley,RP,30,3.15,Agreed to one-year contract (2026),,0.1"
"16-Dec,SDP,Blake Hunt,C,27,0.002,Agreed to Minor League contract (2026),,"
"16-Dec,SEA,Gabe Mosser,SP/RP,30,,Agreed to Minor League contract (2026),,"
"16-Dec,TOR,Geovanny Planchart,C,24,,Agreed to Minor League contract (2026),,"
"16-Dec,CHW,Oliver Dunn,INF,28,1.021,Agreed to Minor League contract (2026),-0.3,"
"16-Dec,DET,Cole Waites,RP,28,0.11,Agreed to Minor League contract (2026),,"
"15-Dec,MIN,Josh Bell,1B/DH,33,9.053,Agreed to one-year contract (2026),0.1,1.2"
"15-Dec,TEX,Jose Herrera,C,29,3.001,Agreed to Minor League contract (2026),-0.3,0"
"15-Dec,DET,Enmanuel De Jesus,SP,29,0.024,Agreed to Minor League contract (2026),,"
"15-Dec,NYM,Cristian Pache,OF,27,3.031,Agreed to Minor League contract (2026),,"
"15-Dec,PHI,Adolis García,RF,33,5.095,Agreed to one-year contract (2026),0.7,1.5"
"15-Dec,SFG,Buddy Kennedy,INF,27,1.006,Agreed to Minor League contract (2026),-0.5,"
"15-Dec,ATL,Ha-Seong Kim,SS,30,5,Agreed to one-year contract (2026),0.3,1.7"
"15-Dec,PIT,Davis Wendzel,INF,29,0.07,Agreed to Minor League contract (2026),,0"
"15-Dec,ATL,James Karinchak,RP,30,4.099,Agreed to Minor League contract (2026),,0"
"14-Dec,ARI,Merrill Kelly,SP,37,7,Agreed to two-year contract (2026-27),3.1,2.2"
"14-Dec,SFG,Caleb Kilian,SP/RP,29,0.153,Agreed to Minor League contract (2026),,"
"14-Dec,SFG,Jake Holton,1B,28,,Agreed to Minor League contract (2026),,"
"13-Dec,DET,Kenley Jansen,RP,38,15.073,Agreed to one-year contract (2026),0.6,0.3"
"13-Dec,NYM,Jorge Polanco,INF,32,9.024,Agreed to two-year contract (2026-27),2.6,2.3"
"13-Dec,NYY,Ernesto Martinez Jr.,1B/OF,27,,Agreed to Minor League contract (2026),,"
"13-Dec,NYY,Payton Henry,C,29,0.066,Agreed to Minor League contract (2026),,"
"13-Dec,STL,Dustin May,SP,28,6.059,Agreed to one-year contract (2026),0.8,1.6"
"13-Dec,LAA,Jose Gonzalez,SP/RP,24,,Agreed to Minor League contract (2026),,"
"12-Dec,KCR,Jose Cuas,RP,32,2.019,Agreed to Minor League contract (2026),,"
"12-Dec,KCR,Kevin Newman,INF,32,7.003,Agreed to Minor League contract (2026),-0.8,0"
"12-Dec,ATH,Brooks Kriske,RP,32,1.019,Agreed to Minor League contract (2026),0,"
"12-Dec,LAA,Donovan Walton,INF/OF,32,1.048,Agreed to Minor League contract (2026),-0.1,"
"12-Dec,TEX,Tyler Alexander,SP/RP,31,6.011,Agreed to one-year contract (2026),1.3,0.1"
"12-Dec,TEX,Danny Jansen,C,31,7.05,Agreed to two-year contract (2026-27),1.3,1.3"
"12-Dec,TOR,Tyler Rogers,RP,35,6.034,Agreed to three-year contract (2026-28),1.3,0.3"
"12-Dec,TEX,Alexis Díaz,RP,29,3.088,Agreed to one-year contract (2026),-0.6,0"
"12-Dec,NYY,Drake Fellows,SP/RP,28,,Agreed to Minor League contract (2026),,"
"12-Dec,MIA,Christopher Morel,1B/OF,27,3.117,Agreed to one-year contract (2026),-0.1,0.3"
"12-Dec,PHI,Bryse Wilson,SP/RP,28,4.123,Agreed to Minor League contract (2026),-0.5,0.1"
"12-Dec,NYY,Travis MacGregor,RP,28,,Agreed to Minor League contract (2026),,"
"12-Dec,NYY,Zack Short,INF/OF,31,2.07,Agreed to Minor League contract (2026),0,"
"12-Dec,CHC,Collin Snider,RP,30,2.086,Agreed to Minor League contract (2026),0.2,0"
"12-Dec,LAD,Carlos Duran,RP,24,0.003,Agreed to Minor League contract (2026),0,"
"12-Dec,ATH,Michael Stefanic,INF,30,1.092,Agreed to Minor League contract (2026),0,"
"11-Dec,CHC,Hoby Milner,RP,35,6.068,Agreed to one-year contract (2026),1,0.2"
"11-Dec,ATH,Mark Leiter Jr.,RP,35,5.031,Agreed to one-year contract (2026),0.6,0.6"
"11-Dec,KCR,Lane Thomas,OF,30,6.014,Agreed to one-year contract (2026),-0.5,0.5"
"11-Dec,ATL,Robert Suarez,RP,35,4,Agreed to three-year contract (2026-28),1.9,0.9"
"11-Dec,MIL,Akil Baddoo,OF,27,3.021,Agreed to one-year contract (2026),0,0"
"11-Dec,CLE,Colin Holderman,RP,30,3.12,Agreed to one-year contract (2026),-0.5,0"
"11-Dec,PHI,Trevor Richards,RP,33,6.088,Agreed to Minor League contract (2026),0.1,"
"11-Dec,NYY,Bradley Hanner,RP,27,,Agreed to Minor League contract (2026),,"
"10-Dec,ATL,Mike Yastrzemski,OF,35,6.128,Agreed to two-year contract (2026-27),2.3,1.5"
"10-Dec,BAL,Pete Alonso,1B,31,7,Agreed to five-year contract (2026-30),3.6,3.6"
"9-Dec,TBR,Steven Matz,SP/RP,35,10.099,Agreed to two-year contract (2026-27),1.1,2.1"
"9-Dec,LAD,Edwin Díaz,RP,32,9.121,Agreed to three-year contract (2026-28),2,1.7"
"9-Dec,PIT,Gregory Soto,RP,31,6.102,Agreed to one-year contract (2026),0.7,0.6"
"9-Dec,COL,Chad Stevens,INF,27,0.005,Agreed to Minor League contract (2026),-0.4,"
"8-Dec,NYM,Carl Edwards Jr.,RP,34,7.026,Agreed to Minor League contract (2026),0,"
"8-Dec,TEX,Andrew Velazquez,INF/OF,31,3.033,Agreed to Minor League contract (2026),,"
"8-Dec,TEX,Tyler Wade,INF/OF,31,6.01,Agreed to Minor League contract (2026),-0.3,0"
"8-Dec,ARI,Michael Soroka,SP/RP,28,7.009,Agreed to one-year contract (2026),1.1,0.7"
"8-Dec,NYM,Daniel Duarte,RP,29,2.087,Agreed to Minor League contract (2026),,"
"8-Dec,COL,Nicky Lopez,INF,31,6.021,Agreed to Minor League contract (2026),-0.3,0"
"8-Dec,SDP,Daison Acosta,RP,27,,Agreed to one-year contract (2026),,0"
"8-Dec,SDP,Evan Fitterer,SP,26,,Agreed to Minor League contract (2026),,"
"6-Dec,ATL,Ben Gamel,OF,34,6.152,Agreed to Minor League contract (2026),,"
"6-Dec,TOR,Michael Plassmeyer,SP/RP,29,0.005,Agreed to Minor League contract (2026),,"
"5-Dec,DET,Drew Anderson,SP/RP,32,0.114,Agreed to one-year contract (2026),,0.3"
"5-Dec,ARI,Isaiah Campbell,RP,28,1.029,Agreed to Minor League contract (2026),0,"
"5-Dec,ARI,Gerardo Carrillo,RP,27,0,Agreed to Minor League contract (2026),,"
"4-Dec,ARI,Jacob Amaya,INF,27,0.118,Agreed to Minor League contract (2026),-0.8,"
"4-Dec,SDP,Ty Adcock,RP,29,0.053,Agreed to one-year contract (2026),0,0"
"3-Dec,CLE,Connor Brogdon,RP,31,4.09,Agreed to one-year contract (2026),-0.3,0"
"3-Dec,CHW,Anthony Kay,SP,31,2.006,Agreed to two-year contract (2026-27),,1.4"
"3-Dec,TBR,Cedric Mullins,OF,31,6.078,Agreed to one-year contract (2026),1.3,1.4"
"2-Dec,TOR,Cody Ponce,SP,32,0.126,Agreed to three-year contract (2026-28),,2.1"
"2-Dec,ATL,Danny Young,RP,32,1.16,Agreed to one-year contract (2026),0.2,0"
"2-Dec,LAA,Alek Manoah,SP,28,4.063,Agreed to one-year contract (2026),,0.8"
"2-Dec,HOU,Ryan Weiss,SP,29,0,Agreed to one-year contract (2026),,0.7"
"2-Dec,TEX,Jonah Bride,INF,30,2.063,Agreed to Minor League contract (2026),-0.8,0"
"2-Dec,BAL,Andrew Magno,RP,28,,Agreed to Minor League contract (2026),,"
"2-Dec,MIN,Grant Hartwig,RP,28,0.115,Agreed to Minor League contract (2026),,"
"1-Dec,COL,John Brebbia,RP,36,8.004,Agreed to Minor League contract (2026),-0.2,0"
"1-Dec,NYM,Devin Williams,RP,31,6.056,Agreed to three-year contract (2026-28),1.4,1.3"
"30-Nov,SDP,Nick Schnell,OF,26,,Agreed to Minor League contract (2026),,"
"30-Nov,ATL,Austin Pope,RP,27,0.008,Agreed to Minor League contract (2026),0,"
"29-Nov,LAA,Angel Perdomo,RP,32,2.15,Agreed to Minor League contract (2026),0,0"
"29-Nov,BAL,Ryan Helsley,RP,31,6.105,Agreed to two-year contract (2026-27),0.2,1.1"
"28-Nov,HOU,Carlos Pérez,C,35,3.167,Agreed to Minor League contract (2026),,"
"28-Nov,LAA,Omar Martinez,C,24,,Agreed to Minor League contract (2026),,"
"28-Nov,HOU,Amos Willingham,RP,27,0.079,Agreed to Minor League contract (2026),,"
"27-Nov,SFG,Sam Hentges,RP,29,4.157,Agreed to one-year contract (2026),,0.2"
"26-Nov,NYM,Anderson Severino,RP,31,0.02,Agreed to Minor League contract (2026),,"
"26-Nov,TOR,Dylan Cease,SP,30,6.089,Agreed to seven-year contract (2026-32),3.4,3.9"
"26-Nov,WSN,Tyler Baum,RP,28,,Agreed to Minor League contract (2026),,"
"26-Nov,TOR,Tanner Andrews,RP,30,,Agreed to Minor League contract (2026),,"
"26-Nov,BOS,Vinny Capra,INF,29,1.014,Agreed to Minor League contract (2026),-1,"
"26-Nov,SDP,Sean Boyle,SP/RP,29,,Agreed to Minor League contract (2026),,"
"26-Nov,NYM,Jose Ramos,OF,25,,Agreed to Minor League contract (2026),,"
"26-Nov,SDP,Jase Bowen,OF,25,,Agreed to Minor League contract (2026),,"
"25-Nov,NYM,Robert Stock,SP/RP,36,2.039,Agreed to Minor League contract (2026),-0.1,"
"25-Nov,ATH,Nick Anderson,RP,35,5.131,Agreed to Minor League contract (2026),0,0"
"25-Nov,COL,Adam Laskey,SP/RP,28,,Agreed to Minor League contract (2026),,"
"25-Nov,ATL,Brewer Hicklen,OF,30,0.042,Agreed to Minor League contract (2026),0.2,"
"25-Nov,SDP,Carlos Rodríguez,OF,25,0,Agreed to Minor League contract (2026),,"
"24-Nov,STL,Scott Blewett,RP,30,1.097,Agreed to Minor League contract (2026),-0.5,0"
"22-Nov,ATH,Matt Krook,RP,31,0.055,Agreed to Minor League contract (2026),0.1,"
"21-Nov,NYM,Nick Burdi,RP,33,4.165,Agreed to Minor League contract (2026),0.1,0"
"21-Nov,COL,Parker Mushinski,RP,30,1.049,Agreed to Minor League contract (2026),,"
"21-Nov,LAA,Huascar Ynoa,SP/RP,28,3.117,Agreed to Minor League contract (2026),,"
"21-Nov,TBR,Jake Woodford,SP/RP,29,4.008,Agreed to Minor League contract (2026),0,"
"21-Nov,CHC,Phil Maton,RP,33,8.047,Agreed to two-year contract (2026-27),1.5,0.3"
"21-Nov,TOR,Carlos Mendoza,INF/OF,26,,Agreed to Minor League contract (2026),,"
"20-Nov,ATH,Wander Suero,RP,34,4.012,Agreed to Minor League contract (2026),-0.2,"
"20-Nov,KCR,Alex Lange,RP,30,3.145,Agreed to one-year contract (2026),0,0.1"
"20-Nov,ATH,Nick Hernandez,RP,31,0.104,Agreed to Minor League contract (2026),-0.2,"
"20-Nov,TBR,Raynel Delgado,INF/OF,26,,Agreed to Minor League contract (2026),,"
"20-Nov,TBR,John Rooney,RP,29,0.057,Agreed to Minor League contract (2026),-0.1,"
"19-Nov,ATH,Geoff Hartlieb,RP,32,2.003,Agreed to Minor League contract (2026),-0.2,"
"19-Nov,SFG,Wilkin Ramos,RP,25,,Agreed to Minor League contract (2026),,"
"19-Nov,MIA,Evan McKendry,SP/RP,28,,Agreed to Minor League contract (2026),,"
"18-Nov,ATL,Elieser Hernández,SP/RP,31,5.082,Agreed to Minor League contract (2026),,"
"18-Nov,CHC,Scott Kingery,INF/OF,32,3.108,Agreed to Minor League contract (2026),-0.4,"
"18-Nov,PHI,Liover Peguero,INF,25,1,Agreed to Minor League contract (2026),0.1,"
"18-Nov,BAL,Jeisson Cabrera,RP,27,,Agreed to Minor League contract (2026),,"
"17-Nov,LAD,Eliezer Alfonzo,C,26,,Agreed to Minor League contract (2026),,"
"17-Nov,BOS,Osvaldo Berrios,RP,26,,Agreed to Minor League contract (2026),,"
"17-Nov,SEA,Randy Dobnak,SP,31,3.059,Agreed to Minor League contract (2026),-0.1,0"
"16-Nov,SDP,Pablo Reyes,INF/OF,32,3.008,Agreed to Minor League contract (2026),-0.4,"
"16-Nov,WSN,Eddy Yean,RP,25,,Agreed to Minor League contract (2026),,"
"16-Nov,ARI,Matt O'Neill,C,28,,Agreed to Minor League contract (2026),,"
"14-Nov,ATH,Joey Meneses,1B,34,1.164,Agreed to Minor League contract (2026),,"
"14-Nov,PIT,Oddanier Mosqueda,RP,27,,Agreed to Minor League contract (2026),,"
"14-Nov,PIT,Noah Murdock,RP,27,0.047,Agreed to Minor League contract (2026),0,"
"14-Nov,NYY,Jonathan Ornelas,INF/OF,26,0.111,Agreed to Minor League contract (2026),-0.1,"
"14-Nov,LAD,Antoine Kelly,RP,26,0,Agreed to Minor League contract (2026),,"
"14-Nov,COL,Drew Avans,OF,30,0.016,Agreed to Minor League contract (2026),-0.3,"
"14-Nov,BAL,Richard Guasch,RP,28,,Agreed to Minor League contract (2026),,"
"14-Nov,HOU,Anthony Maldonado,RP,28,0.068,Agreed to Minor League contract (2026),-0.2,"
"13-Nov,ARI,Junior Fernández,RP,29,1.163,Agreed to Minor League contract (2026),,"
"13-Nov,PIT,Joe La Sorsa,RP,28,0.138,Agreed to Minor League contract (2026),-0.4,"
"13-Nov,NYM,Jackson Cluff,INF,29,,Agreed to Minor League contract (2026),,"
"11-Nov,MIL,Eddys Leonard,INF/OF,25,0,Agreed to Minor League contract (2026),,"
"10-Nov,BAL,Enoli Paredes,RP,30,2.06,Agreed to Minor League contract (2026),,"
"10-Nov,KCR,Connor Kaiser,INF,29,0.073,Agreed to Minor League contract (2026),-0.2,"
"10-Nov,NYM,Jose Rojas,OF/INF,33,0.136,Agreed to Minor League contract (2026),,"
"9-Nov,ATL,Chadwick Tromp,C,31,2.12,Agreed to Minor League contract (2026),-0.1,0"
"8-Nov,NYY,Yovanny Cruz,RP,26,,Agreed to Minor League contract (2026),,"
"6-Nov,PHI,Bryan De La Cruz,OF,29,3.078,Agreed to Minor League contract (2026),-0.4,"
"6-Nov,BAL,Leody Taveras,OF,27,4.031,Agreed to one-year contract (2026),-0.8,0.3"
"4-Nov,TEX,Declan Cronin,RP,28,1.066,Agreed to Minor League contract (2026-27),,"
"3-Nov,BAL,Jean Henriquez,RP,32,,Agreed to Minor League contract (2026),,"
"31-Oct,HOU,Peter Lambert,SP/RP,29,4.077,Agreed to Minor League contract (2026),,"
"27-Oct,BOS,Jason Delay,C,31,2.005,Agreed to Minor League contract (2026),,"
"20-Oct,NYM,Joe Jacques,RP,31,0.098,Agreed to Minor League contract (2026),,"
"17-Oct,HOU,Nate Pearson,SP/RP,29,4.042,Agreed to one-year contract (2026),-0.2,0"
"7-Oct,ATL,Sandy León,C,37,8.159,Agreed to Minor League contract (2026),-0.1,"
"16-Feb,SEA,Josh Simpson,RP,28,1.108,Acquired from Marlins for cash,-0.4,0"
"14-Feb,BAL,Jackson Kowar,RP,29,2.139,Acquired from Twins for cash,-0.2,0"
"13-Feb,TOR,Jesús Sánchez,OF,28,4.118,Acquired from Astros for OF/1B Joey Loperfido,1,1.3"
"13-Feb,HOU,Joey Loperfido,OF/1B,27,1.021,Acquired from Blue Jays for OF Jesus Sanchez,0.7,0.6"
"12-Feb,MIN,Anthony Banda,RP,32,4.135,Acquired from Dodgers for international bonus pool space,0.1,0"
"12-Feb,KCR,Mitch Spence,SP/RP,28,1.124,Acquired from Athletics for RP A.J. Causey,0,0"
"12-Feb,ATH,A.J. Causey,RP,23,,Acquired from Royals for SP Mitch Spence,,0"
"10-Feb,NYM,Bryan Hudson,RP,29,1.07,Acquired from White Sox for cash,-0.1,0"
"10-Feb,STL,George Soriano,RP,27,1.095,Acquired from Nationals for RP Andre Granillo,-0.7,-0.1"
"10-Feb,WSN,Andre Granillo,RP,26,0.076,Acquired from Cardinals for RP George Soriano,0,0"
"9-Feb,BOS,Andruw Monasterio,INF,29,2.099,""Acquired from Brewers with INF Caleb Durbin, INF/C Anthony Seigler, and 2026 Competitive Balance Round B draft pick for SP Kyle Harrison, INF David Hamilton, and SP Shane Drohan"",0.7,0.1"
"9-Feb,MIL,David Hamilton,INF,28,2.011,""Acquired from Red Sox with SP Kyle Harrison and SP Shane Drohan for INF Caleb Durbin, INF Andruw Monasterio, INF/C Anthony Seigler, and 2026 Competitive Balance Round B draft pick"",0.1,0.7"
"9-Feb,MIL,Shane Drohan,SP,27,0.076,""Acquired from Red Sox with SP Kyle Harrison and INF David Hamilton for INF Caleb Durbin, INF Andruw Monasterio, INF/C Anthony Seigler, and 2026 Competitive Balance Round B draft pick"",,0"
"9-Feb,BOS,Anthony Seigler,INF/C,27,0.09,""Acquired from Brewers with INF Caleb Durbin, INF Andruw Monasterio, and 2026 Competitive Balance Round B draft pick for SP Kyle Harrison, INF David Hamilton, and SP Shane Drohan"",-0.2,0"
"9-Feb,NYY,Max Schuemann,INF/OF,29,2,Acquired from Athletics for SP Luis Burgos,0.6,0"
"9-Feb,MIL,Kyle Harrison,SP,24,1.102,""Acquired from Red Sox with INF David Hamilton and SP Shane Drohan for INF Caleb Durbin, INF Andruw Monasterio, INF/C Anthony Seigler, and 2026 Competitive Balance Round B draft pick"",0.5,0.8"
"9-Feb,BOS,Caleb Durbin,INF,26,0.164,""Acquired from Brewers with INF Andruw Monasterio, INF/C Anthony Seigler, and 2026 Competitive Balance Round B draft pick for SP Kyle Harrison, INF David Hamilton, and SP Shane Drohan"",2.6,2.5"
"9-Feb,ATH,Luis Burgos,SP,20,,Acquired from Yankees for INF/OF Max Schuemann,,"
"6-Feb,TBR,Victor Mesa Jr.,OF,24,0.034,Acquired from Marlins for INF Angel Brachi,0,0"
"6-Feb,MIA,Angel Brachi,INF,19,,Acquired from Rays for OF Victor Mesa Jr.,,"
"5-Feb,ARI,Kade Strowd,RP,28,0.074,Acquired from Orioles with SP Wellington Aracena and INF Jose Mejia for INF/OF Blaze Alexander,0.2,-0.1"
"5-Feb,BAL,Blaze Alexander,INF/OF,27,1.053,""Acquired from Diamondbacks for RP Kade Strowd, SP Wellington Aracena, and INF Jose Mejia"",1,1"
"5-Feb,ARI,Wellington Aracena,SP,21,,Acquired from Orioles with RP Kade Strowd and INF Jose Mejia for INF/OF Blaze Alexander,,"
"5-Feb,ARI,José Mejía,INF,20,,Acquired from Orioles with RP Kade Strowd and SP Welington Aracena for INF/OF Blaze Alexander,,"
"2-Feb,SEA,Brendan Donovan,INF/OF,29,4,""Acquired from Cardinals as part of 3-team trade: Mariners traded INF Ben Williamson to Rays; OF Tai Peete, SP Jurrangelo Cijntje, and 2026 Competitive Balance Round B draft pick to Cardinals; Rays tra"",2.9,3"
"2-Feb,STL,Jurrangelo Cijntje,SP,23,,Acquired from Mariners with OF Tai Peete and 2026 Competitive Balance Round B draft pick as part of 3-team trade: Cardinals traded INF/OF Brendan Donovan to Mariners; Mariners traded INF Ben Williamso,,"
"2-Feb,STL,Tai Peete,OF,20,,Acquired from Mariners with SP Jurrangelo Cijntje and 2026 Competitive Balance Round B draft pick as part of 3-team trade: Cardinals traded INF/OF Brendan Donovan to Mariners; Mariners traded INF Ben,,"
"2-Feb,STL,Colton Ledbetter,OF,24,,Acquired from Rays with 2026 Competitive Balance Round B draft pick as part of 3-team trade: Cardinals traded INF/OF Brendan Donovan to Mariners; Mariners traded INF Ben Williamson to Rays; OF Tai Pee,,"
"2-Feb,TBR,Ben Williamson,INF,25,0.11,""Acquired from Mariners as part of 3-team trade: Cardinals traded INF/OF Brendan Donovan to Mariners; OF Tai Peete, SP Jurrangelo Cijntje, and 2026 Competitive Balance Round B draft pick to Cardinals;"",0.4,0.5"
"1-Feb,CHW,Jordan Hicks,RP,29,8,""Acquired from Red Sox with SP David Sandlin, 2 PTBNL, and cash for SP Gage Ziehl and PTBNL"",0.3,0.2"
"1-Feb,CHW,David Sandlin,SP,25,0,""Acquired from Red Sox with RP Jordan Hicks, 2 PTBNL, and cash for SP Gage Ziehl and PTBNL"",,0"
"1-Feb,BOS,Gage Ziehl,SP,23,,""Acquired from White Sox with PTBNL for RP Jordan Hicks, SP David Sandlin, 2 PTBNL, and cash"",,"
"30-Jan,HOU,Kai-Wei Teng,SP/RP,27,0.081,Acquired from Giants for UTL Jancel Villarroel and international bonus pool space,0.3,0.1"
"30-Jan,SFG,Jancel Villarroel,UTL,21,,Acquired from Astros with international bonus pool space for SP Kai-Wei Teng,,"
"29-Jan,LAA,Jayvien Sandridge,RP,27,0.005,Acquired from Yankees for cash,-0.1,0"
"28-Jan,COL,Edouard Julien,INF,27,2.009,Acquired from Twins with SP Pierson Ohl for SP Jace Kaminska and cash,-0.8,1.1"
"28-Jan,COL,T.J. Rumfield,1B,26,,Acquired from Yankees for RP Angel Chivilli,,0"
"28-Jan,NYY,Angel Chivilli,RP,23,1.036,Acquired from Rockies for 1B T.J. Rumfield,-0.7,0"
"28-Jan,MIN,Jace Kaminska,SP,24,,Acquired from Rockies with cash for INF Edouard Julien and SP Pierson Ohl,,"
"28-Jan,COL,Pierson Ohl,SP/RP,26,0.062,Acquired from Twins with INF Edouard Julien for SP Jace Kaminska and cash,0.1,0.1"
"27-Jan,SEA,Jhonny Pereda,C,30,0.14,Acquired from Twins for cash,0,0"
"23-Jan,SEA,Cooper Criswell,SP/RP,29,1.143,Acquired from Mets for cash,0,0.1"
"22-Jan,NYM,Vidal Bruján,INF/OF,28,3.014,Acquired from Twins for cash,0,0"
"22-Jan,TEX,MacKenzie Gore,SP,27,4,""Acquired from Nationals for 1B/OF Abimelec Ortiz, INF Gavin Fien, INF Devin Fitz-Gerald, OF Yeremy Cabrera, and SP Alejandro Rosario"",2.9,2.9"
"22-Jan,WSN,Alejandro Rosario,SP,24,,""Acquired from Rangers with 1B/OF Abimelec Ortiz, INF Gavin Fien, INF Devin Fitz-Gerald, and OF Yeremy Cabrera for SP MacKenzie Gore"",,"
"22-Jan,WSN,Abimelec Ortiz,1B/OF,24,0,""Acquired from Rangers with INF Gavin Fien, INF Devin Fitz-Gerald, OF Yeremy Cabrera, and SP Alejandro Rosario for SP MacKenzie Gore"",,0.1"
"22-Jan,WSN,Yeremy Cabrera,OF,20,,""Acquired from Rangers with 1B/OF Abimelec Ortiz, INF Gavin Fien, INF Devin Fitz-Gerald, and SP Alejandro Rosario for SP MacKenzie Gore"",,"
"22-Jan,WSN,Devin Fitz-Gerald,INF,20,,""Acquired from Rangers with 1B/OF Abimelec Ortiz, INF Gavin Fien, OF Yeremy Cabrera, and SP Alejandro Rosario for SP MacKenzie Gore"",,"
"22-Jan,WSN,Gavin Fien,INF,19,,""Acquired from Rangers with 1B/OF Abimelec Ortiz, INF Devin Fitz-Gerald, OF Yeremy Cabrera, and SP Alejandro Rosario for SP MacKenzie Gore"",,"
"21-Jan,NYM,Freddy Peralta,SP,30,7.09,Acquired from Brewers with SP Tobias Myers for INF/OF Jett Williams and SP Brandon Sproat,3.6,2.6"
"21-Jan,MIN,Tristan Gray,INF,30,0.123,Acquired from Red Sox for C Nate Baez,0.1,0.1"
"21-Jan,NYM,Tobias Myers,SP,27,1.109,Acquired from Brewers with SP Freddy Peralta for INF/OF Jett Williams and SP Brandon Sproat,0.4,0.2"
"21-Jan,BOS,Nate Baez,C,25,,Acquired from Twins for INF Tristan Gray,,"
"21-Jan,MIL,Brandon Sproat,SP,25,0.022,Acquired from Mets with INF/OF Jett Williams for SP Freddy Peralta and SP Tobias Myers,0.6,0.7"
"21-Jan,MIL,Jett Williams,INF/OF,22,,Acquired from Mets with SP Brandon Sproat for SP Freddy Peralta and SP Tobias Myers,,0.3"
"20-Jan,NYM,Luis Robert Jr.,OF,28,6,Acquired from White Sox for INF/OF Luisangel Acuña and SP Truman Pauley,1.3,2.3"
"20-Jan,CHW,Luisangel Acuña,INF/OF,24,0.156,Acquired from Mets with SP Truman Pauley for OF Luis Robert Jr.,0.4,0.8"
"20-Jan,MIA,Bradley Blalock,SP,25,0.134,Acquired from Rockies for SP Jake Brooks,-1,0"
"20-Jan,COL,Jake Brooks,SP,24,,Acquired from Marlins for SP Bradley Blalock,,"
"20-Jan,CHW,Truman Pauley,SP,22,,Acquired from Mets with INF/OF Luisangel Acuña for OF Luis Robert Jr.,,"
"15-Jan,CIN,Brock Burke,RP,29,5.045,Acquired from Angels as part of 3-team trade: Angels traded SP Chris Carter to Rays; Rays traded OF Josh Lowe to Angels; Reds traded INF Gavin Lux to Rays,0.3,0.3"
"15-Jan,LAA,Josh Lowe,OF,28,3.093,Acquired from Rays as part of 3-team trade: Angels traded RP Brock Burke to Reds and SP Chris Carter to Rays; Reds traded INF Gavin Lux to Rays,-0.1,1.3"
"15-Jan,TBR,Gavin Lux,INF,28,5.114,Acquired from Reds as part of 3-team trade: Angels traded RP Brock Burke to Reds and SP Chris Carter to Rays; Rays traded OF Josh Lowe to Angels,0.3,1.7"
"15-Jan,SEA,Yosver Zulueta,RP,28,0.071,Acquired from Reds for SP Dusty Revis,0,0"
"15-Jan,CLE,Franklin Gomez,SP,20,,Acquired from Mets for international bonus pool space,,"
"15-Jan,TBR,Chris Clark,SP,24,,Acquired from Angels as part of 3-team trade: Angels traded RP Brock Burke to Reds; Rays traded OF Josh Lowe to Angels; Reds traded INF Gavin Lux to Rays,,"
"15-Jan,CIN,Dusty Revis,SP,22,,Acquired from Mariners for RP Yosver Zulueta,,"
"13-Jan,ARI,Nolan Arenado,3B,35,12.155,Acquired from Cardinals with cash for SP Jack Martinez,0.9,2.1"
"13-Jan,PHI,Chase Shugart,RP,29,1.001,Acquired from Pirates for INF Francisco Loreto,-0.1,0"
"13-Jan,NYY,Ryan Weathers,SP,26,3.066,""Acquired from Marlins for INF Dylan Jasso, INF Juan Matheus, OF Brendan Jones, and OF Dillon Lewis"",0.2,1.2"
"13-Jan,MIA,Brendan Jones,OF,24,,""Acquired from Yankees with INF Dylan Jasso, INF Juan Matheus, and OF Dillon Lewis for SP Ryan Weathers"",,"
"13-Jan,MIA,Juan Matheus,INF,22,,""Acquired from Yankees with INF Dylan Jasso, OF Brendan Jones, and OF Dillon Lewis for SP Ryan Weathers"",,"
"13-Jan,MIA,Dylan Jasso,INF,23,,""Acquired from Yankees with INF Juan Matheus, OF Brendan Jones, and OF Dillon Lewis for SP Ryan Weathers"",,"
"13-Jan,PIT,Francisco Loreto,INF,19,,Acquired from Phillies for RP Chase Shugart,,"
"13-Jan,STL,Jack Martinez,SP,23,,Acquired from Diamondbacks for 3B Nolan Arenado and cash,,"
"13-Jan,MIA,Dillon Lewis,OF,23,,""Acquired from Yankees with INF Dylan Jasso, INF Juan Matheus, and OF Brendan Jones for SP Ryan Weathers"",,"
"12-Jan,TBR,Ken Waldichuk,SP,28,2.15,Acquired from Braves with INF/OF Brett Wisely for PTBNL or cash,,0"
"10-Jan,COL,Jake McCarthy,OF,28,3.074,Acquired from Diamondbacks for SP Josh Grosz,-0.1,0.9"
"10-Jan,ARI,Josh Grosz,SP,23,,Acquired from Rockies for OF Jake McCarthy,,"
"7-Jan,CHC,Edward Cabrera,SP,28,3.147,""Acquired from Marlins for OF Owen Caissie, 1B/3B Edgardo De Leon, and INF Cristian Hernandez"",2,1.8"
"7-Jan,MIA,Owen Caissie,OF,23,0.034,Acquired from Cubs with 1B/3B Edgardo De Leon and INF Cristian Hernandez for SP Edward Cabrera,0,1"
"7-Jan,MIA,Cristian Hernandez,INF,22,,Acquired from Cubs with OF Owen Caissie and 1B/3B Edgardo De Leon for SP Edward Cabrera,,"
"7-Jan,MIA,Edgardo De Leon,1B/3B,19,,Acquired from Cubs with OF Owen Caissie and INF Cristian Hernandez for SP Edward Cabrera,,"
"6-Jan,TBR,Justyn-Henry Malloy,OF,26,1.04,Acquired from Tigers for cash,0,0.6"
"6-Jan,STL,Justin Bruihl,RP,29,1.112,Acquired from Guardians for cash,0,0"
"2-Jan,MIN,Eric Wagaman,INF/OF,28,1.02,Acquired from Marlins for RP Kade Bragg,-0.4,0.2"
"2-Jan,MIA,Kade Bragg,RP,24,,Acquired from Twins for INF/OF Eric Wagaman,,"
"29-Dec,MIA,Esteury Ruiz,OF,27,2.064,Acquired from Dodgers for SP Adriano Marrero,0,0.3"
"29-Dec,LAD,Adriano Marrero,SP,18,,Acquired from Marlins for OF Esteury Ruiz,,"
"27-Dec,CIN,Dane Myers,OF,30,2.037,Acquired from Marlins for OF Ethan O'Donnell,0,0.3"
"27-Dec,MIA,Ethan O'Donnell,OF,24,,Acquired from Reds for OF Dane Myers,,"
"22-Dec,ATH,Jeff McNeil,INF/OF,34,7.069,Acquired from Mets with cash for SP Yordan Rodriguez,2.1,2.6"
"22-Dec,NYM,Yordan Rodriguez,SP,18,,Acquired from Athletics for INF/OF Jeff McNeil and cash,,"
"21-Dec,BOS,Willson Contreras,1B,34,9.108,""Acquired from Cardinals with cash for SP Hunter Dobbins, SP Blake Aita, and SP Yhoiker Fajardo"",2.8,2.2"
"21-Dec,STL,Hunter Dobbins,SP,26,0.152,Acquired from Red Sox with SP Blake Aita and SP Yhoiker Fajardo for 1B Willson Contreras and cash,1,0.6"
"21-Dec,STL,Blake Aita,SP,23,,Acquired from Red Sox with SP Hunter Dobbins and SP Yhoiker Fajardo for 1B Willson Contreras and cash,,"
"21-Dec,STL,Yhoiker Fajardo,SP,19,,Acquired from Red Sox with SP Hunter Dobbins and SP Blake Aita for 1B Willson Contreras and cash,,"
"19-Dec,KCR,Matt Strahm,RP,34,9.064,Acquired from Phillies for RP Jonathan Bowlan,1.5,1"
"19-Dec,PIT,Jake Mangum,OF,30,1,Acquired from Rays with 2B Brandon Lowe and RP Mason Montgomery as part of 3-team trade: Astros traded OF Jacob Melton and SP Anderson Brito to Rays; Pirates traded SP Mike Burrows to Astros,1.8,1"
"19-Dec,PIT,Brandon Lowe,2B,31,7.058,Acquired from Rays with OF Jake Mangum and RP Mason Montgomery as part of 3-team trade: Astros traded OF Jacob Melton and SP Anderson Brito to Rays; Pirates traded SP Mike Burrows to Astros,1.7,1.8"
"19-Dec,BAL,Shane Baz,SP,27,3.158,""Acquired from Rays for C Caden Bodine, OF Slater de Brun, OF Austin Overn, SP Michael Forret, and 2026 Competitive Balance Round A draft pick"",2,1.8"
"19-Dec,PHI,Kyle Backhus,RP,28,0.113,Acquired from Diamondbacks for OF Avery Owusu-Asiedu,0,0"
"19-Dec,PHI,Jonathan Bowlan,RP,29,0.116,Acquired from Royals for RP Matt Strahm,0.2,0.1"
"19-Dec,HOU,Mike Burrows,SP,26,0.135,""Traded to Astros as part of 3-team trade: Astros traded OF Jacob Melton and SP Anderson Brito to Rays; Rays traded 2B Brandon Lowe, OF Jake Mangum, and RP Mason Montgomery to Pirates"",1.3,1.6"
"19-Dec,PIT,Mason Montgomery,RP,26,1.021,Acquired from Rays with 2B Brandon Lowe and OF Jake Mangum as part of 3-team trade: Astros traded OF Jacob Melton and SP Anderson Brito to Rays; Pirates traded SP Mike Burrows to Astros,0.3,0.3"
"19-Dec,TBR,Jacob Melton,OF,25,0.111,""Acquired from Astros with SP Anderson Brito as part of 3-team trade: Pirates traded SP Mike Burrows to Astros; Rays traded 2B Brandon Lowe, OF Jake Mangum, and RP Mason Montgomery"",-0.3,0.2"
"19-Dec,TBR,Austin Overn,OF,23,,""Acquired from Orioles with C Caden Bodine, OF Slater de Brun, SP Michael Forret, and 2026 Competitive Balance Round A draft pick for SP Shane Baz"",,"
"19-Dec,TBR,Michael Forret,SP,22,,""Acquired from Orioles with C Caden Bodine, OF Slater de Brun, OF Austin Overn, and 2026 Competitive Balance Round A draft pick for SP Shane Baz"",,"
"19-Dec,ARI,Avery Owusu-Asiedu,OF,23,,Acquired from Phillies for RP Kyle Backhus,,"
"19-Dec,TBR,Caden Bodine,C,22,,""Acquired from Orioles with OF Slater de Brun, OF Austin Overn, SP Michael Forret, and 2026 Competitive Balance Round A draft pick for SP Shane Baz"",,"
"19-Dec,TBR,Anderson Brito,SP,21,,""Acquired from Astros with OF Jacob Melton as part of 3-team trade: Pirates traded SP Mike Burrows to Astros; Rays traded 2B Brandon Lowe, OF Jake Mangum, and RP Mason Montgomery"",,"
"19-Dec,TBR,Slater de Brun,OF,19,,""Acquired from Orioles with C Caden Bodine, OF Austin Overn, SP Michael Forret, and 2026 Competitive Balance Round A draft pick for SP Shane Baz"",,"
"18-Dec,CHW,Tristan Peters,OF,26,0.007,Acquired from Rays for PTBNL or cash,-0.4,0"
"15-Dec,BOS,Jake Bennett,SP,25,0,Acquired from Nationals for SP Luis Perales,,0"
"15-Dec,WSN,Luis Perales,SP,23,0,Acquired from Red Sox for SP Jake Bennett,,0.2"
"13-Dec,MIL,Angel Zerpa,RP,26,3.082,Acquired from Royals for OF Isaac Collins and RP Nick Mears,0.3,0.3"
"13-Dec,KCR,Nick Mears,RP,29,4.022,Acquired from Brewers with OF Isaac Collins for RP Angel Zerpa,0.5,0.3"
"13-Dec,KCR,Isaac Collins,OF,28,1.022,Acquired from Brewers with RP Nick Mears for RP Angel Zerpa,2.6,1.2"
"12-Dec,TOR,Chase Lee,RP,27,0.095,Acquired from Tigers for RP Johan Simon,-0.1,0"
"12-Dec,DET,Johan Simon,RP,24,,Acquired from Blue Jays for RP Chase Lee,,"
"10-Dec,BOS,Ryan Watson,RP,28,,Acquired from Athletics for INF/OF Justin Riemer,,0"
"10-Dec,SFG,Daniel Susac,C,25,,Acquired from Twins for C Miguel Caraballo,,0.3"
"10-Dec,TEX,Carter Baumler,RP,24,,Acquired from Pirates for RP Jaiker Garcia and cash,,0"
"10-Dec,PHI,Yoniel Curet,SP,23,0,Acquired from Rays for RP Tommy McCollum,,0"
"10-Dec,TBR,Tommy McCollum,RP,27,,Acquired from Rays for SP Yoniel Curet,,"
"10-Dec,PIT,Jaiker Garcia,RP,21,,Acquired from Rangers with cash for RP Carter Baumler,,"
"10-Dec,ATH,Justin Riemer,INF/OF,24,,Acquired from Red Sox for RP Ryan Watson,,"
"10-Dec,MIN,Miguel Caraballo,C,17,,Acquired from Giants for C Daniel Susac,,"
"9-Dec,LAA,Vaughn Grissom,INF,25,1.086,Acquired from Red Sox for OF Isaiah Jackson,,0.7"
"9-Dec,BOS,Isaiah Jackson,OF,22,,Acquired from Angels for INF Vaughn Grissom,,"
"6-Dec,SEA,Jose A. Ferrer,RP,26,2.094,Acquired from Nationals for C Harry Ford and SP Isaac Lyon,1.4,0.8"
"6-Dec,WSN,Harry Ford,C,23,0.028,Acquired from Mariners with SP Isaac Lyon for RP Jose A. Ferrer,0,0.8"
"6-Dec,WSN,Isaac Lyon,SP,22,,Acquired from Mariners with C Harry Ford for RP Jose A. Ferrer,,"
"4-Dec,BOS,Johan Oviedo,SP,28,4.079,Acquired from Pirates with RP Tyler Samaniego and C Adonys Guzman for OF Jhostynxon Garcia and SP Jesus Travieso,0.2,1.1"
"4-Dec,HOU,Nico Zeglin,RP,26,,Acquired from Cubs for international bonus pool space,,"
"4-Dec,PIT,Jhostynxon Garcia,OF,23,0.009,""Acquired from Red Sox with SP Jesus Travieso for SP Johan Oviedo, RP Tyler Samaniego, and C Adonys Guzman"",0,0.1"
"4-Dec,BOS,Tyler Samaniego,RP,27,0,Acquired from Pirates with SP Johan Oviedo and C Adonys Guzman for OF Jhostynxon Garcia and SP Jesus Travieso,,0"
"4-Dec,BOS,Adonys Guzman,C,22,,Acquired from Pirates with SP Johan Oviedo and RP Tyler Samaniego for OF Jhostynxon Garcia and SP Jesus Travieso,,"
"4-Dec,PIT,Jesus Travieso,SP,19,,""Acquired from Red Sox with OF Jhostynxon Garcia for SP Johan Oviedo, RP Tyler Samaniego, and C Adonys Guzman"",,"
"25-Nov,BOS,Sonny Gray,SP,36,12.061,""Acquired from Cardinals with cash for SP Richard Fitts, SP Brandon Clarke, and PTBNL or cash"",3.6,3.7"
"25-Nov,STL,Richard Fitts,SP,26,0.164,Acquired from Red Sox with SP Brandon Clarke and PTBNL or cash for SP Sonny Gray and cash,-0.3,0.5"
"25-Nov,STL,Brandon Clarke,SP,23,,Acquired from Red Sox with SP Richard Fitts and PTBNL or cash for SP Sonny Gray and cash,,"
"23-Nov,NYM,Marcus Semien,2B,35,11.118,Acquired from Rangers for OF Brandon Nimmo,2.1,3.1"
"23-Nov,TEX,Brandon Nimmo,OF,33,9.042,Acquired from Mets for 2B Marcus Semien,3,2.4"
"21-Nov,MIN,Alex Jackson,C,30,3.036,Acquired from Orioles for INF/OF Payton Eeles,1,0.1"
"21-Nov,BAL,Payton Eeles,INF/OF,26,,Acquired from Twins for C Alex Jackson,,"
"19-Nov,BAL,Taylor Ward,OF,32,5.164,Acquired from Angels for SP Grayson Rodriguez,2.9,2.7"
"19-Nov,ATL,Mauricio Dubón,INF/OF,31,5.162,Acquired from Astros for INF Nick Allen,2.2,0.6"
"19-Nov,HOU,Nick Allen,INF,27,2.164,Acquired from Braves for INF/OF Mauricio Dubon,0.7,0.2"
"19-Nov,LAA,Grayson Rodriguez,SP,26,2.129,Acquired from Orioles for OF Taylor Ward,,2.1"
"18-Nov,TBR,Steven Wilson,RP,31,3.166,Acquired from White Sox with SP Yoendrys Gomez for OF Everson Pereira and INF/OF Tanner Murray,0.4,-0.1"
"18-Nov,COL,Brennan Bernardino,RP,34,2.153,Acquired from Red Sox for OF/INF Braiden Ward,0.6,0.1"
"18-Nov,CHW,Chris Murphy,SP/RP,28,2.071,Acquired from Red Sox for C Ronny Hernandez,-0.2,0"
"18-Nov,TBR,Yoendrys Gómez,SP/RP,26,0.135,Acquired from White Sox with RP Steven Wilson for OF Everson Pereira and INF/OF Tanner Murray,0.1,0.1"
"18-Nov,CHW,Everson Pereira,OF,25,0.09,Acquired from Rays with INF/OF Tanner Murray for SP Yoendrys Gomez and RP Steven Wilson,-0.5,0.3"
"18-Nov,MIN,Eric Orze,RP,28,0.116,Acquired from Rays for RP Jacob Kisting,0.3,0.2"
"18-Nov,BOS,Braiden Ward,OF/INF,27,,Acquired from Rockies for RP Brennan Bernardino,,"
"18-Nov,TBR,Luis Guerrero,RP,25,0.155,Acquired from Red Sox for INF Tristan Gray,0,-0.1"
"18-Nov,CHW,Tanner Murray,INF/OF,26,0,Acquired from Rays with OF Everson Pereira for SP Yoendrys Gomez and RP Steven Wilson,,0.1"
"18-Nov,SEA,Alex Hoppe,RP,27,0,Acquired from Red Sox for C Luke Heyman,,0"
"18-Nov,BOS,Luke Heyman,C,22,,Acquired from Mariners for RP Alex Hoppe,,"
"18-Nov,BOS,Ronny Hernandez,C,21,,Acquired from White Sox for SP Chris Murphy,,"
"18-Nov,TBR,Jacob Kisting,RP,23,,Acquired from Twins for RP Eric Orze,,"
"16-Nov,SEA,Robinson Ortiz,RP,26,0,Acquired from Dodgers for SP Tyler Gough,,0"
"16-Nov,LAD,Tyler Gough,SP,22,,Acquired from Mariners for RP Robinson Ortiz,,"
"11-Nov,KCR,Mason Black,SP,26,0.051,Acquired from Giants for SP Logan Martin,-0.1,0.1"
"11-Nov,SFG,Logan Martin,SP,24,,Acquired from Royals for SP Mason Black,,"
"10-Nov,KCR,Kameron Misner,OF,28,0.117,Acquired from Rays for PTBNL or cash,0.3,0.1"
"5-Nov,SEA,Cole Wilcox,RP,26,0.012,Acquired from Rays for cash,0,0"
"4-Nov,BAL,Andrew Kittredge,RP,36,7.07,Acquired from Cubs for cash,0.8,0.6"
"4-Nov,NYM,Joey Gerber,RP,29,0.171,Acquired from Rays for cash,0,0"
"3-Nov,TBR,Ryan Vilade,OF/INF,27,0.076,Acquired from Reds for cash,-0.2,0.1"
"16-Feb,STL,Zak Kent,RP,28,0.037,Claimed off waivers from Rangers,0.1,0"
"15-Feb,NYM,Ben Rortvedt,C,28,3.135,Claimed off waivers from Dodgers,-0.5,0"
"15-Feb,ARI,Grant Holman,RP,26,1.031,Claimed off waivers from Athletics,0,0"
"6-Feb,ATH,Andy Ibáñez,INF,33,3.133,Claimed off waivers from Dodgers,0.4,0.5"
"6-Feb,STL,Bryan Ramos,3B,24,0.097,Claimed off waivers from Orioles,0,0"
"6-Feb,BOS,Tsung-Che Cheng,INF,24,0.01,Claimed off waivers from Nationals,-0.1,"
"5-Feb,NYY,Osvaldo Bido,SP/RP,30,1.161,Claimed off waivers from Angels,-0.6,0"
"5-Feb,WSN,Ken Waldichuk,SP,28,2.15,Claimed off waivers from Rays,,0"
"4-Feb,BOS,Mickey Gasper,C/INF,30,0.149,Claimed off waivers from Nationals,-0.7,0"
"4-Feb,NYY,Yanquiel Fernández,OF,23,0.09,Claimed off waivers from Rockies,-0.8,0"
"3-Feb,MIA,Garrett Acton,RP,28,0.031,Claimed off waivers from Rockies,0,0"
"3-Feb,LAD,Michael Siani,OF,26,1.063,Claimed off waivers from Yankees,-0.1,0"
"29-Jan,WSN,Richard Lovelady,RP,30,3.052,Claimed off waivers from Mets,-0.3,0"
"28-Jan,LAA,Kaleb Ort,RP,34,2.108,Claimed off waivers from Yankees,-0.3,0"
"27-Jan,LAA,Osvaldo Bido,SP/RP,30,1.161,Claimed off waivers from Marlins,-0.6,0"
"27-Jan,NYY,Dom Hamel,SP/RP,27,0.019,Claimed off waivers from Rangers,0,0"
"22-Jan,BAL,Weston Wilson,INF/OF,31,1.097,Claimed off waivers from Phillies,-0.4,"
"22-Jan,WSN,Gus Varland,RP,29,0.169,Claimed off waivers from Diamondbacks,,0"
"22-Jan,NYY,Marco Luciano,OF/1B,24,0.092,Claimed off waivers from Orioles,,"
"15-Jan,CHC,Ben Cowles,INF,26,0,Claimed off waivers from White Sox,,0"
"13-Jan,CHC,Justin Dean,OF,29,0.052,Claimed off waivers from Giants,0,0"
"9-Jan,LAD,Ryan Fitzgerald,INF,32,0.065,Claimed off waivers from Twins,0.3,"
"9-Jan,WSN,Paxton Schultz,RP,28,0.078,Claimed off waivers from Blue Jays,0.1,0"
"8-Jan,CHW,Drew Romo,C,24,0.073,Claimed off waivers from Mets,-0.1,"
"7-Jan,COL,Keegan Thompson,RP,31,3.006,Claimed off waivers from Reds,,0"
"7-Jan,CHC,Ryan Rolison,RP,28,2.114,Claimed off waivers from White Sox,-0.7,0"
"7-Jan,LAA,Wade Meckler,OF,26,0.024,Claimed off waivers from Giants,,"
"7-Jan,ATL,Ken Waldichuk,SP,28,2.15,Claimed off waivers from Athletics,,0"
"5-Jan,BAL,Jhonkensy Noel,OF/1B,24,1.029,Claimed off waivers from Guardians,-1.1,0"
"5-Jan,WSN,Joey Wiemer,OF,27,1.089,Claimed off waivers from Giants,0.4,0.1"
"17-Dec,NYM,Drew Romo,C,24,0.073,Claimed off waivers from Orioles,-0.1,"
"10-Dec,WSN,Griff McGarry,SP/RP,27,,Selected from Phillies in Rule 5 draft,,0"
"10-Dec,HOU,Roddery Muñoz,RP,26,0.123,Selected from Reds in Rule 5 draft,-0.3,-0.1"
"10-Dec,PHI,Zach McCambley,RP,27,,Selected from Marlins in Rule 5 draft,,0"
"10-Dec,NYY,Cade Winquest,SP/RP,26,,Selected from Cardinals in Rule 5 draft,,-0.1"
"10-Dec,CLE,Peyton Pallette,RP,25,,Selected from White Sox in Rule 5 draft,,-0.1"
"10-Dec,STL,Matt Pushard,RP,28,,Selected from Marlins in Rule 5 draft,,0"
"10-Dec,TOR,Spencer Miles,SP/RP,25,,Selected from Giants in Rule 5 draft,,0"
"10-Dec,CHW,Alexander Alberto,RP,24,,Selected from Rays in Rule 5 draft,,-0.1"
"10-Dec,COL,RJ Petit,RP,26,,Selected from Tigers in Rule 5 draft,,0"
"10-Dec,CHW,Jedixson Paez,SP/RP,22,,Selected from Red Sox in Rule 5 draft,,0"
"5-Dec,ATL,Anthony Molina,SP/RP,24,1.074,Claimed off waivers from Rockies,-0.6,"
"5-Dec,BAL,Will Robertson,OF,28,0.055,Claimed off waivers from Pirates,-0.8,"
"21-Nov,PHI,Pedro León,OF,28,1.021,Claimed off waivers from Orioles,,0"
"13-Nov,ATL,Carson Ragsdale,SP/RP,28,0.015,Claimed off waivers from Orioles,0,"
"12-Nov,DET,Dugan Darnell,RP,29,0.059,Claimed off waivers from Pirates,0,"
"6-Nov,NYM,José Castillo,RP,30,4.112,Claimed off waivers from Orioles,-0.1,"
"6-Nov,TBR,Jake Fraley,OF,31,5.097,Claimed off waivers from Braves,0.3,0.6"
"6-Nov,SFG,Reiver Sanmartin,RP,30,1.148,Claimed off waivers from Reds,0,0"
"6-Nov,DET,Jack Little,RP,28,0.003,Claimed off waivers from Pirates,0,"
"6-Nov,NYM,Ji Hwan Bae,OF/INF,26,1.137,Claimed off waivers from Pirates,-0.2,"
"6-Nov,BAL,Pedro León,OF,28,1.021,Claimed off waivers from Astros,,0"
"6-Nov,MIA,Zach Brzykcy,RP,26,0.124,Claimed off waivers from Nationals,-0.3,"
"6-Nov,SEA,Ryan Loutos,RP,27,0.057,Claimed off waivers from Nationals,-0.4,0"
"5-Nov,TEX,Michel Otañez,RP,28,0.149,Claimed off waivers from Athletics,-0.3,0"
"5-Nov,TEX,Willie MacIver,C,29,0.094,Claimed off waivers from Athletics,-0.1,0"
"5-Nov,COL,Troy Johnston,1B/OF,29,0.062,Claimed off waivers from Marlins,0.2,0.2"
"22-Oct,MIL,Sammy Peralta,RP,28,0.097,Claimed off waivers from Angels,0.2,0"
"15-Oct,MIN,Ryan Kreidler,OF/INF,28,1.006,Claimed off waivers from Pirates,-0.4,"